,model,score_test,f1,score_val,pred_time_test,pred_time_val,fit_time,pred_time_test_marginal,pred_time_val_marginal,fit_time_marginal,stack_level,can_infer,fit_order
0,RandomForest,0.9749530369442705,0.9749530369442705,0.8058252427184466,0.08763980865478516,0.04826807975769043,0.442105770111084,0.08763980865478516,0.04826807975769043,0.442105770111084,1,True,3
1,ExtraTrees,0.969811320754717,0.969811320754717,0.7587939698492462,0.11757826805114746,0.045478105545043945,0.5000147819519043,0.11757826805114746,0.045478105545043945,0.5000147819519043,1,True,4
2,XGBoost,0.9151404151404151,0.9151404151404151,0.8333333333333334,0.04191112518310547,0.007735013961791992,0.885735034942627,0.04191112518310547,0.007735013961791992,0.885735034942627,1,True,6
3,WeightedEnsemble_L2,0.9151404151404151,0.9151404151404151,0.8333333333333334,0.043708086013793945,0.009382009506225586,1.5394227504730225,0.0017969608306884766,0.0016469955444335938,0.6536877155303955,2,True,8
4,NeuralNetFastAI,0.8580937972768533,0.8580937972768533,0.8095238095238095,0.06783604621887207,0.014950990676879883,3.80549693107605,0.06783604621887207,0.014950990676879883,3.80549693107605,1,True,5
5,LightGBM,0.8578522656734947,0.8578522656734947,0.8212560386473431,0.010096311569213867,0.006438255310058594,1.135035753250122,0.010096311569213867,0.006438255310058594,1.135035753250122,1,True,2
6,KNeighbors,0.795003203074952,0.795003203074952,0.7445255474452555,0.029963016510009766,0.006463050842285156,0.0068509578704833984,0.029963016510009766,0.006463050842285156,0.0068509578704833984,1,True,1
7,LinearModel,0.7746933505487412,0.7746933505487412,0.7626262626262627,0.013356924057006836,0.013102054595947266,2.025371789932251,0.013356924057006836,0.013102054595947266,2.025371789932251,1,True,7
